[{"model": "contenttypes.contenttype", "fields": {"app_label": "admin", "model": "logentry"}}, {"model": "contenttypes.contenttype", "fields": {"app_label": "auth", "model": "permission"}}, {"model": "contenttypes.contenttype", "fields": {"app_label": "auth", "model": "group"}}, {"model": "contenttypes.contenttype", "fields": {"app_label": "auth", "model": "user"}}, {"model": "contenttypes.contenttype", "fields": {"app_label": "contenttypes", "model": "contenttype"}}, {"model": "contenttypes.contenttype", "fields": {"app_label": "sessions", "model": "session"}}, {"model": "contenttypes.contenttype", "fields": {"app_label": "usuario", "model": "persona"}}, {"model": "contenttypes.contenttype", "fields": {"app_label": "usuario", "model": "usuario"}}, {"model": "contenttypes.contenttype", "fields": {"app_label": "roles", "model": "docente"}}, {"model": "contenttypes.contenttype", "fields": {"app_label": "roles", "model": "estudiante"}}, {"model": "contenttypes.contenttype", "fields": {"app_label": "roles", "model": "rol"}}, {"model": "contenttypes.contenttype", "fields": {"app_label": "roles", "model": "tutor"}}, {"model": "contenttypes.contenttype", "fields": {"app_label": "roles", "model": "usuariorol"}}, {"model": "contenttypes.contenttype", "fields": {"app_label": "roles", "model": "tutorestudiante"}}, {"model": "contenttypes.contenttype", "fields": {"app_label": "inscripciones", "model": "inscripcion"}}, {"model": "contenttypes.contenttype", "fields": {"app_label": "cursos", "model": "comision"}}, {"model": "contenttypes.contenttype", "fields": {"app_label": "cursos", "model": "curso"}}, {"model": "contenttypes.contenttype", "fields": {"app_label": "cursos", "model": "polocreativo"}}, {"model": "contenttypes.contenttype", "fields": {"app_label": "cursos", "model": "comisiondocente"}}, {"model": "contenttypes.contenttype", "fields": {"app_label": "cursos", "model": "material"}}, {"model": "contenttypes.contenttype", "fields": {"app_label": "docentes", "model": "docente"}}, {"model": "contenttypes.contenttype", "fields": {"app_label": "asistencia", "model": "registroasistencia"}}, {"model": "contenttypes.contenttype", "fields": {"app_label": "asistencia", "model": "asistencia"}}, {"model": "contenttypes.contenttype", "fields": {"app_label": "seguimiento", "model": "evaluacion"}}, {"model": "contenttypes.contenttype", "fields": {"app_label": "seguimiento", "model": "progresoacademico"}}, {"model": "contenttypes.contenttype", "fields": {"app_label": "seguimiento", "model": "nota"}}, {"model": "sessions.session", "pk": "3qa1w5sldjyta1nz42w4ua26uwzkns48", "fields": {"session_data": ".eJxVjMEOgjAQRP-lZ9NQKNB603jx4i80u9tFGqUQSk_Gf7cmHPQ48-bNSzjI2-hy4tUFL45CG3H4LRHowfFLYFmSnGafn7PrZOJ7XoMHL_dFkpfb9VQ8jlsg2MIcz7v7dzhCGsubQQNdRY1Fj8ZWrJBVo0sqgHoCZUGXBtTQt0Sdt0bVaHVNyAPU7SDeH1oqPyE:1vTQxf:sPvdXoS2jf5XDoexeRwpul_sJ5RMi8ugF_gzLK6JJ1s", "expire_date": "2025-12-24T20:38:59.492Z"}}, {"model": "sessions.session", "pk": "9ghwvi1r8yxrbqanq8we6buc0ktqnaux", "fields": {"session_data": ".eJxVjEEOwiAQRe_C2hBKGSgu3XsGMsCMVA0kpV0Z765NutDtf-_9lwi4rSVsnZYwZ3EWWpx-t4jpQXUH-Y711mRqdV3mKHdFHrTLa8v0vBzu30HBXr610tkZxewsROU9g4kKEIEHTeA5ZRP9BBkmRc4DJ0086iHxqLy2Llrx_gDdtze2:1vVgHt:oz2vG1Nj_dnq2fMjeSXPyHEEvZXItvfE2wABkbAQFVw", "expire_date": "2025-12-31T01:25:09.292Z"}}, {"model": "sessions.session", "pk": "d7y0dbkt0xikybyho1gn3o93gfy2wdyy", "fields": {"session_data": ".eJxVjDsOwjAQBe_iGlmJ5S8diIaGK1hr7y6xgCSK4wpxd4JEAe2bN_MUEdo6xFZpiQXFXmgndr9jgnyj8UNgnqt8TNjuU7Sy0rUtBQHl91Hl6XI-bB6Na8mwlmk8ft2_4AB12GrOePDGOWTbmUyckR0rJJ-CJ5-BFWutA2lQ2XrsVMi5762yCQ1zCuL1BmOqP0c:1vTR5C:-LBKRO3XCcpbUCUI63LPj-jEjVPJUAQ0oOV4OVvHqCo", "expire_date": "2025-12-24T20:46:46.381Z"}}, {"model": "sessions.session", "pk": "gcsyz9li6hu0po437txv4r1z518ocrt8", "fields": {"session_data": ".eJxVjDsOwjAQBe_iGllxPnZMB6Kh4QrWer1LLIgTxXGFuDtBSgHtmzfzEg7KOriSaXExiKNojTj8jh7wQelLYJ6zHKdQnpPTMtO9LDFAkPsjy8vteto8SmtEWOOUzrv7FxwgD1ut6gKi6WoOaJRVHYPhCqy3iozRrKsGUHHPGjyybfUGekXoual9S40X7w9Y_z8n:1vTRCm:55IN5pXeJvLKDLl3ArYbBJRdq69tkNa6JZ0TjmX1X1Y", "expire_date": "2025-12-24T20:54:36.911Z"}}, {"model": "sessions.session", "pk": "k0hxiiof5n9zbat74c4de4gny27g7pe3", "fields": {"session_data": ".eJxVjcEOwiAQRP-FsyFdCnT1pvHixV8gCwuWqG1Tysn477aJB73OmzfzEo7q0rta4uwyi4PQKHa_oadwj8NGaJqKfI5cH6OzssRbnTMTy2-jyPP1cly9OCw50JLH4fR1_wZ7Kv320ybADhrQlhT5xhv2TWeUZW0hKcBkle7agJFbwGgwQCIwTLhfERrx_gAaKT1z:1vTQrt:uq4OeBBZkFL_hZhOeH8PDOGGnSshNEf3Z2vI8WXAsE8", "expire_date": "2025-12-24T20:33:01.742Z"}}, {"model": "sessions.session", "pk": "ll79fjro44fr0isw7xmvfzweor429exp", "fields": {"session_data": ".eJxVjEEOwiAQRe_C2hCoAxR3GjduvAIZmKklatuUsjLe3Zp0odv__nsvEbAufaiF55BJHAS0Yvc7Rkx3Hr4Ep6nI50j1MQYrC9_qnAlJbo8iz9fLcfV4WHLCJY_DaXP_gj2Wfq1ZB974yFF7qy2D0haMYg2dMU2M3nIiD06RoTYytZA6R6pxsFd6byOK9wchET2q:1vTQsN:cHFSXSJpPHyamZqlenVEGHuDbYtkvFH_xX2cVjM29M0", "expire_date": "2025-12-24T20:33:31.804Z"}}, {"model": "sessions.session", "pk": "m7q1qsjyf86bhzke9kf9dam2domz9xky", "fields": {"session_data": ".eJxVjMEOwiAQRP-FsyHQQku9abx48RfIursVokJTysn479akB71NZua9l_BQl-Br4dlHEntherH7La-Ad07fBaapyGem-si-k4VvdY4EJLdHkafL-bBynJaIsMScjhv7JwxQwmpTDJqM05asGmDkDpEMkCY0favBMVGnVcPEa9Q0OjWgVdgqZ-1oGxbvD2WKPxM:1vTRBg:La-QlDgfZmlnTEHgss1EkhxwJjLmnZIM-v2PWGSmE4c", "expire_date": "2025-12-24T20:53:28.493Z"}}, {"model": "sessions.session", "pk": "oibnv3rna7coedgspviqidjx3i5sj2r2", "fields": {"session_data": ".eJxVjEEOwiAQRe_C2hBKGSgu3XsGMsCMVA0kpV0Z765NutDtf-_9lwi4rSVsnZYwZ3EWWpx-t4jpQXUH-Y711mRqdV3mKHdFHrTLa8v0vBzu30HBXr610tkZxewsROU9g4kKEIEHTeA5ZRP9BBkmRc4DJ0086iHxqLy2Llrx_gDdtze2:1vUtNl:FdaP-9btLrZg_ncdZ0K4RyAkA8XJxAG2cYnN3_1gaWc", "expire_date": "2025-12-28T21:11:57.477Z"}}, {"model": "sessions.session", "pk": "ps5o08hzsknd8a8230fj7zgmqc0cb8ht", "fields": {"session_data": ".eJxVjEEOwiAQRe_C2pAWGALuNN248QpkOgOWqG1Tysp4d2vShW7_---9RMC6DqGWuITM4iiME4ffsUe6x_FLcJ6LfE5cH1OwssRbXTIjy_1RZHe9nDYvjmsmXPM0nnf3LzhgGbZaati3wNyzaqMHILTOY0qxAe2sIqOMJdKetHWAYBCBEgORVa3XDYr3B1QAPpE:1vTQtY:uXKgbtbBnPF2ZJBzX95ieftkTJkTswZamRyMmUsA9bs", "expire_date": "2025-12-24T20:34:44.052Z"}}, {"model": "sessions.session", "pk": "rjrzi0shufr0rjp93whs6os80f0cznsm", "fields": {"session_data": ".eJxVjEEOwiAQRe_C2hDKIAV3GjduvAIZmKklatuUsjLe3Zp0odv__nsvEbAufaiF55BJHIRxYvc7Rkx3Hr4Ep6nI50j1MQYrC9_qnAlJbo8iz9fLcfV4WHLCJY_DaXP_gj2Wfq1xaj20MXWNRdOxYgctaHQOdccW0TV2H0lpz-RVAtbWOG0IrQcVE4B4fwBUYD5i:1vTQye:cvzCVskWmywP7qj6V8QqgnB0VXKr3RfciNWbxLlFgJQ", "expire_date": "2025-12-24T20:40:00.060Z"}}, {"model": "sessions.session", "pk": "w31rmi9h7v972fwla16d7dodedmmzvf7", "fields": {"session_data": ".eJxVjMEOwiAQRP-FsyEBFmi9aXrx4i-QLbu1RC1NKSfjv1uTHvQ2mZn3XiJgXcdQCy8hkTgK8OLwW_YY7zx9F5znIp-Z6iMHJwvf6pIISe6PIrvr5bRxPK0p4prydN7ZP-GIZdxsBiJppwZnNDAYRjaeHflBa2OhUdoDN-B6MzRoo1JbYMtO9W3bElkW7w8tdz4Q:1vTR4f:MTDMUyLTBacpwyB6Pa8hC1DjpqxNmTJGWexfDEW5Nrk", "expire_date": "2025-12-24T20:46:13.806Z"}}, {"model": "sessions.session", "pk": "x54k0ipxqk91mjmipkp3cpzv7qswg9dt", "fields": {"session_data": ".eJxVjEEOwiAQRe_C2hBKGSgu3XsGMsCMVA0kpV0Z765NutDtf-_9lwi4rSVsnZYwZ3EWWpx-t4jpQXUH-Y711mRqdV3mKHdFHrTLa8v0vBzu30HBXr610tkZxewsROU9g4kKEIEHTeA5ZRP9BBkmRc4DJ0086iHxqLy2Llrx_gDdtze2:1vT5DK:Qflw8ZIrLTdiALavkirC1sAYzSRkvlLMHfEuZAWQzb0", "expire_date": "2025-12-23T21:25:42.239Z"}}, {"model": "usuario.persona", "pk": 3, "fields": {"dni": "321654", "nombre": "eeee", "apellido": "aaaaa", "correo": "24234@gmail.com", "telefono": "34235252", "fecha_nacimiento": null, "genero": null, "ciudad_residencia": null, "zona_residencia": null, "domicilio": null, "condiciones_medicas": null, "autorizacion_imagen": false, "autorizacion_voz": false}}, {"model": "usuario.usuario", "pk": 3, "fields": {"contrasena": "321654", "permiso_imagen": false, "permiso_voz": false, "activo": true, "creado": "2025-12-15T23:30:26.294Z", "persona": 3}}, {"model": "roles.rol", "pk": 1, "fields": {"nombre": "Estudiante", "descripcion": "Rol para estudiantes", "jerarquia": 3}}, {"model": "roles.rol", "pk": 2, "fields": {"nombre": "Administrador", "descripcion": "Rol para administradores", "jerarquia": 1}}, {"model": "roles.rol", "pk": 3, "fields": {"nombre": "Mesa de Entrada", "descripcion": "Rol para personal de mesa de entrada", "jerarquia": 2}}, {"model": "roles.tutor", "pk": 1, "fields": {"usuario": 3, "tipo_tutor": "PE", "telefono_contacto": "34235252", "disponibilidad_horaria": "A convenir"}}, {"model": "cursos.polocreativo", "pk": 1, "fields": {"nombre": "Polo Ushuaia", "ciudad": "Ushuaia", "direccion": "Gdor. Paz 836", "telefono": "", "email": "", "activo": true}}, {"model": "cursos.polocreativo", "pk": 2, "fields": {"nombre": "Polo Creativo Rio Grande", "ciudad": "Rio Grande", "direccion": "J. B. Thorne 1406", "telefono": "", "email": "", "activo": true}}, {"model": "cursos.polocreativo", "pk": 3, "fields": {"nombre": "Polo Creativo Tolhuin", "ciudad": "Tolhuin", "direccion": "Pedro Oliva 880", "telefono": "", "email": "", "activo": true}}, {"model": "cursos.polocreativo", "pk": 4, "fields": {"nombre": "Fabrica de Talentos", "ciudad": "Ushuaia", "direccion": "Av. Maipú 1255", "telefono": "", "email": "", "activo": true}}, {"model": "cursos.curso", "pk": 1, "fields": {"nombre": " Sumo Bots", "descripcion": "¡Un taller para crear, pensar y competir! \r\nEn Sumo Bots, chicas y chicos construyen su propio robot estilo sumo y aprenden a combinar ciencia, estrategia y creatividad. No solo arman el robot: también analizan reglas, diseñan con lógica, debaten ideas y registran sus avances como verdaderos ingenieros. Un espacio donde la tecnología se mezcla con la imaginación: construyen, prueban, argumentan… ¡y defienden su robot en la arena! 🚀💡\r\n", "edad_minima": 8, "edad_maxima": 13, "requisitos": "", "contenido_multimedia": "", "estado": "Abierto", "orden": 1}}, {"model": "cursos.curso", "pk": 2, "fields": {"nombre": "Exploradores Fueguinos ", "descripcion": "¡Descubrí Tierra del Fuego como un verdadero explorador! \r\nEn este taller, las chicas y chicos salen al aire libre, observan la flora, investigan la turba, recolectan muestras y realizan pequeños experimentos científicos súper divertidos.\r\nCada participante lleva su propia bitácora de aventuras, donde anota hallazgos, dibujos y preguntas… ¡como un científico en misión! \r\nUn espacio para explorar, aprender y sorprenderse con la naturaleza fueguina.\r\n", "edad_minima": 6, "edad_maxima": 8, "requisitos": "", "contenido_multimedia": "", "estado": "Abierto", "orden": 1}}, {"model": "cursos.curso", "pk": 3, "fields": {"nombre": "Producción de videojuegos", "descripcion": "¡Convertite en creador de tu propio videojuego! 🎮✨\r\nEn este taller, chicas y chicos trabajan como un mini estudio de desarrollo: inventan mundos, diseñan personajes, escriben historias interactivas y preparan un pitch para presentar su juego.\r\nAdemás, registran sus ideas y avances en una bitácora, aprendiendo a pensar como verdaderos desarrolladores. 🚀💡\r\nUna experiencia donde la imaginación se vuelve código y los jugadores pasan a ser creadores.\r\n", "edad_minima": 8, "edad_maxima": 13, "requisitos": "", "contenido_multimedia": "", "estado": "Abierto", "orden": 1}}, {"model": "cursos.curso", "pk": 4, "fields": {"nombre": "Exploramos la Isla con IA", "descripcion": "Una propuesta que invita a niñas y niños a descubrir el entorno natural de Tolhuin y de la provincia a través de la observación, la creatividad y el uso responsable de la inteligencia artificial. A partir de paisajes, flora y fauna local, las y los participantes crean relatos, imágenes y producciones digitales, utilizando la tecnología como una herramienta de apoyo para imaginar, investigar y expresar ideas, fortaleciendo el pensamiento creativo y crítico.\r\n", "edad_minima": 9, "edad_maxima": 13, "requisitos": "", "contenido_multimedia": "", "estado": "Abierto", "orden": 0}}, {"model": "cursos.curso", "pk": 5, "fields": {"nombre": "Ciencia de Verano Kids", "descripcion": "Un espacio especialmente diseñado para que los más pequeños se acerquen a la ciencia de manera lúdica y divertida. A través de experimentos simples, juegos sensoriales y actividades prácticas, niñas y niños exploran fenómenos naturales, desarrollan la curiosidad y el interés por el mundo que los rodea, aprendiendo a observar, preguntar y descubrir jugando.\r\n", "edad_minima": 4, "edad_maxima": 8, "requisitos": "", "contenido_multimedia": "", "estado": "Abierto", "orden": 2}}, {"model": "cursos.curso", "pk": 6, "fields": {"nombre": "Fotografía – Mini Exploradores", "descripcion": "Una propuesta creativa que invita a mirar el entorno con otros ojos. Mediante salidas, juegos de observación y actividades fotográficas, las y los participantes exploran texturas, colores, formas y detalles del paisaje, aprendiendo nociones básicas de fotografía mientras desarrollan la sensibilidad estética, la expresión personal y la capacidad de contar historias a través de imágenes.\r\n", "edad_minima": 9, "edad_maxima": 13, "requisitos": "", "contenido_multimedia": "", "estado": "Abierto", "orden": 2}}, {"model": "cursos.curso", "pk": 7, "fields": {"nombre": "Visión Gamer", "descripcion": "Un taller lúdico pensado para que niñas y niños se acerquen al universo gamer desde una mirada creativa y participativa. A través del juego, la creación de personajes, escenarios e historias, se promueve la imaginación, el trabajo en equipo y la resolución de desafíos, fomentando habilidades cognitivas y expresivas en un entorno cuidado y adaptado a la infancia.\r\n", "edad_minima": 4, "edad_maxima": 8, "requisitos": "", "contenido_multimedia": "", "estado": "Abierto", "orden": 2}}, {"model": "cursos.curso", "pk": 8, "fields": {"nombre": "Stop Motion ", "descripcion": "Un espacio para crear historias animadas utilizando la técnica de stop motion. Las y los participantes diseñan personajes, construyen escenarios y desarrollan pequeñas narraciones cuadro por cuadro, combinando arte, tecnología y trabajo colaborativo. La propuesta estimula la creatividad, la planificación y la expresión audiovisual, permitiendo experimentar el proceso completo de una producción animada.\r\n", "edad_minima": 9, "edad_maxima": 13, "requisitos": "", "contenido_multimedia": "", "estado": "Abierto", "orden": 0}}, {"model": "cursos.comision", "pk": 1, "fields": {"fk_id_curso": 1, "fk_id_polo": 2, "modalidad": "Presencial", "dias_horarios": " Lunes, miércoles y viernes – 16:00 a 17:30 hs", "lugar": "", "fecha_inicio": "2026-01-05", "fecha_fin": "2025-12-20", "cupo_maximo": 25, "estado": "Abierta"}}, {"model": "cursos.comision", "pk": 2, "fields": {"fk_id_curso": 1, "fk_id_polo": 2, "modalidad": "Presencial", "dias_horarios": "Lunes, miércoles y viernes – 18:00 a 19:30 hs\r\n", "lugar": "Polo Creativo Rio Grande", "fecha_inicio": "2026-01-05", "fecha_fin": "2026-01-20", "cupo_maximo": 25, "estado": "Abierta"}}, {"model": "cursos.comision", "pk": 3, "fields": {"fk_id_curso": 1, "fk_id_polo": 1, "modalidad": "Presencial", "dias_horarios": "Lunes, miércoles y viernes – 16:00 a 17:30 hs\r\n", "lugar": "Polo Creativo Ushuaia", "fecha_inicio": "2026-01-05", "fecha_fin": "2026-01-20", "cupo_maximo": 25, "estado": "Abierta"}}, {"model": "cursos.comision", "pk": 4, "fields": {"fk_id_curso": 1, "fk_id_polo": 1, "modalidad": "Presencial", "dias_horarios": "Lunes, miércoles y viernes – 18:00 a 19:30 hs\r\n", "lugar": "Polo Creativo Ushuaia", "fecha_inicio": "2026-01-05", "fecha_fin": "2026-01-20", "cupo_maximo": 25, "estado": "Abierta"}}, {"model": "cursos.comision", "pk": 5, "fields": {"fk_id_curso": 2, "fk_id_polo": 2, "modalidad": "Presencial", "dias_horarios": "Martes y jueves – 16:30 a 18:30 hs\r\n", "lugar": "Polo Creativo Rio Grande", "fecha_inicio": "2026-01-05", "fecha_fin": "2026-01-20", "cupo_maximo": 25, "estado": "Abierta"}}, {"model": "cursos.comision", "pk": 6, "fields": {"fk_id_curso": 2, "fk_id_polo": 2, "modalidad": "Presencial", "dias_horarios": "Miércoles y viernes – 16:30 a 18:30 hs", "lugar": "Polo Creativo Rio Grande", "fecha_inicio": "2026-01-05", "fecha_fin": "2026-01-20", "cupo_maximo": 25, "estado": "Abierta"}}, {"model": "cursos.comision", "pk": 7, "fields": {"fk_id_curso": 2, "fk_id_polo": 1, "modalidad": "Presencial", "dias_horarios": "Lunes y miércoles de 16:30 a 18:30 hs\r\n", "lugar": "Polo Creativo Ushuaia", "fecha_inicio": "2026-01-05", "fecha_fin": "2026-01-20", "cupo_maximo": 25, "estado": "Abierta"}}, {"model": "cursos.comision", "pk": 8, "fields": {"fk_id_curso": 2, "fk_id_polo": 1, "modalidad": "Presencial", "dias_horarios": "Martes y viernes de 16:30 a 18:30 hs", "lugar": "Polo Creativo Ushuaia", "fecha_inicio": "2026-01-05", "fecha_fin": "2026-01-05", "cupo_maximo": 25, "estado": "Abierta"}}, {"model": "cursos.comision", "pk": 9, "fields": {"fk_id_curso": 3, "fk_id_polo": 2, "modalidad": "Presencial", "dias_horarios": "Lunes y miércoles de 17:00 a 19:00 hs", "lugar": "Polo Creativo Rio Grande", "fecha_inicio": "2026-01-05", "fecha_fin": "2026-01-05", "cupo_maximo": 25, "estado": "Abierta"}}, {"model": "cursos.comision", "pk": 10, "fields": {"fk_id_curso": 3, "fk_id_polo": 2, "modalidad": "Presencial", "dias_horarios": "Martes y jueves  – 16:00 a 18:00 hs", "lugar": "Polo Creativo Rio Grande", "fecha_inicio": "2026-01-05", "fecha_fin": "2026-01-20", "cupo_maximo": 25, "estado": "Abierta"}}, {"model": "cursos.comision", "pk": 11, "fields": {"fk_id_curso": 3, "fk_id_polo": 1, "modalidad": "Presencial", "dias_horarios": "Lunes y miércoles – 17:00 a 19:00 hs", "lugar": "Polo Creativo Ushuaia", "fecha_inicio": "2026-01-05", "fecha_fin": "2026-01-20", "cupo_maximo": 25, "estado": "Abierta"}}, {"model": "cursos.comision", "pk": 12, "fields": {"fk_id_curso": 3, "fk_id_polo": 1, "modalidad": "Presencial", "dias_horarios": "Martes y jueves de 16:00 a 18:00 hs", "lugar": "Polo Creativo Ushuaia", "fecha_inicio": "2026-01-05", "fecha_fin": "2026-01-20", "cupo_maximo": 25, "estado": "Abierta"}}, {"model": "cursos.comision", "pk": 13, "fields": {"fk_id_curso": 4, "fk_id_polo": 3, "modalidad": "Presencial", "dias_horarios": "Martes y jueves de 15:00 a 16:30 hs", "lugar": "Polo Creativo Tolhuin", "fecha_inicio": "2026-01-05", "fecha_fin": "2026-01-26", "cupo_maximo": 25, "estado": "Abierta"}}, {"model": "cursos.comision", "pk": 14, "fields": {"fk_id_curso": 6, "fk_id_polo": 3, "modalidad": "Presencial", "dias_horarios": "Lunes, miércoles y viernes de 17:00 a 18:30 hs\r\n", "lugar": "Polo Creativo Tolhuin", "fecha_inicio": "2026-01-05", "fecha_fin": "2026-01-26", "cupo_maximo": 25, "estado": "Abierta"}}, {"model": "cursos.comision", "pk": 15, "fields": {"fk_id_curso": 7, "fk_id_polo": 3, "modalidad": "Presencial", "dias_horarios": "Martes y jueves de 15:00 a 16:30 hs", "lugar": "Polo Creativo Tolhuin", "fecha_inicio": "2026-01-05", "fecha_fin": "2026-01-26", "cupo_maximo": 25, "estado": "Abierta"}}, {"model": "cursos.comision", "pk": 16, "fields": {"fk_id_curso": 8, "fk_id_polo": 3, "modalidad": "Presencial", "dias_horarios": "Martes y jueves de 17:00 a 18:30 hs", "lugar": "Polo Creativo Tolhuin", "fecha_inicio": "2026-01-05", "fecha_fin": "2026-01-26", "cupo_maximo": 25, "estado": "Abierta"}}, {"model": "auth.permission", "fields": {"name": "Can add log entry", "content_type": ["admin", "logentry"], "codename": "add_logentry"}}, {"model": "auth.permission", "fields": {"name": "Can change log entry", "content_type": ["admin", "logentry"], "codename": "change_logentry"}}, {"model": "auth.permission", "fields": {"name": "Can delete log entry", "content_type": ["admin", "logentry"], "codename": "delete_logentry"}}, {"model": "auth.permission", "fields": {"name": "Can view log entry", "content_type": ["admin", "logentry"], "codename": "view_logentry"}}, {"model": "auth.permission", "fields": {"name": "Can add permission", "content_type": ["auth", "permission"], "codename": "add_permission"}}, {"model": "auth.permission", "fields": {"name": "Can change permission", "content_type": ["auth", "permission"], "codename": "change_permission"}}, {"model": "auth.permission", "fields": {"name": "Can delete permission", "content_type": ["auth", "permission"], "codename": "delete_permission"}}, {"model": "auth.permission", "fields": {"name": "Can view permission", "content_type": ["auth", "permission"], "codename": "view_permission"}}, {"model": "auth.permission", "fields": {"name": "Can add group", "content_type": ["auth", "group"], "codename": "add_group"}}, {"model": "auth.permission", "fields": {"name": "Can change group", "content_type": ["auth", "group"], "codename": "change_group"}}, {"model": "auth.permission", "fields": {"name": "Can delete group", "content_type": ["auth", "group"], "codename": "delete_group"}}, {"model": "auth.permission", "fields": {"name": "Can view group", "content_type": ["auth", "group"], "codename": "view_group"}}, {"model": "auth.permission", "fields": {"name": "Can add user", "content_type": ["auth", "user"], "codename": "add_user"}}, {"model": "auth.permission", "fields": {"name": "Can change user", "content_type": ["auth", "user"], "codename": "change_user"}}, {"model": "auth.permission", "fields": {"name": "Can delete user", "content_type": ["auth", "user"], "codename": "delete_user"}}, {"model": "auth.permission", "fields": {"name": "Can view user", "content_type": ["auth", "user"], "codename": "view_user"}}, {"model": "auth.permission", "fields": {"name": "Can add content type", "content_type": ["contenttypes", "contenttype"], "codename": "add_contenttype"}}, {"model": "auth.permission", "fields": {"name": "Can change content type", "content_type": ["contenttypes", "contenttype"], "codename": "change_contenttype"}}, {"model": "auth.permission", "fields": {"name": "Can delete content type", "content_type": ["contenttypes", "contenttype"], "codename": "delete_contenttype"}}, {"model": "auth.permission", "fields": {"name": "Can view content type", "content_type": ["contenttypes", "contenttype"], "codename": "view_contenttype"}}, {"model": "auth.permission", "fields": {"name": "Can add session", "content_type": ["sessions", "session"], "codename": "add_session"}}, {"model": "auth.permission", "fields": {"name": "Can change session", "content_type": ["sessions", "session"], "codename": "change_session"}}, {"model": "auth.permission", "fields": {"name": "Can delete session", "content_type": ["sessions", "session"], "codename": "delete_session"}}, {"model": "auth.permission", "fields": {"name": "Can view session", "content_type": ["sessions", "session"], "codename": "view_session"}}, {"model": "auth.permission", "fields": {"name": "Can add Persona", "content_type": ["usuario", "persona"], "codename": "add_persona"}}, {"model": "auth.permission", "fields": {"name": "Can change Persona", "content_type": ["usuario", "persona"], "codename": "change_persona"}}, {"model": "auth.permission", "fields": {"name": "Can delete Persona", "content_type": ["usuario", "persona"], "codename": "delete_persona"}}, {"model": "auth.permission", "fields": {"name": "Can view Persona", "content_type": ["usuario", "persona"], "codename": "view_persona"}}, {"model": "auth.permission", "fields": {"name": "Can add Usuario", "content_type": ["usuario", "usuario"], "codename": "add_usuario"}}, {"model": "auth.permission", "fields": {"name": "Can change Usuario", "content_type": ["usuario", "usuario"], "codename": "change_usuario"}}, {"model": "auth.permission", "fields": {"name": "Can delete Usuario", "content_type": ["usuario", "usuario"], "codename": "delete_usuario"}}, {"model": "auth.permission", "fields": {"name": "Can view Usuario", "content_type": ["usuario", "usuario"], "codename": "view_usuario"}}, {"model": "auth.permission", "fields": {"name": "Can add Docente", "content_type": ["roles", "docente"], "codename": "add_docente"}}, {"model": "auth.permission", "fields": {"name": "Can change Docente", "content_type": ["roles", "docente"], "codename": "change_docente"}}, {"model": "auth.permission", "fields": {"name": "Can delete Docente", "content_type": ["roles", "docente"], "codename": "delete_docente"}}, {"model": "auth.permission", "fields": {"name": "Can view Docente", "content_type": ["roles", "docente"], "codename": "view_docente"}}, {"model": "auth.permission", "fields": {"name": "Can add Estudiante", "content_type": ["roles", "estudiante"], "codename": "add_estudiante"}}, {"model": "auth.permission", "fields": {"name": "Can change Estudiante", "content_type": ["roles", "estudiante"], "codename": "change_estudiante"}}, {"model": "auth.permission", "fields": {"name": "Can delete Estudiante", "content_type": ["roles", "estudiante"], "codename": "delete_estudiante"}}, {"model": "auth.permission", "fields": {"name": "Can view Estudiante", "content_type": ["roles", "estudiante"], "codename": "view_estudiante"}}, {"model": "auth.permission", "fields": {"name": "Can add Rol", "content_type": ["roles", "rol"], "codename": "add_rol"}}, {"model": "auth.permission", "fields": {"name": "Can change Rol", "content_type": ["roles", "rol"], "codename": "change_rol"}}, {"model": "auth.permission", "fields": {"name": "Can delete Rol", "content_type": ["roles", "rol"], "codename": "delete_rol"}}, {"model": "auth.permission", "fields": {"name": "Can view Rol", "content_type": ["roles", "rol"], "codename": "view_rol"}}, {"model": "auth.permission", "fields": {"name": "Can add Tutor", "content_type": ["roles", "tutor"], "codename": "add_tutor"}}, {"model": "auth.permission", "fields": {"name": "Can change Tutor", "content_type": ["roles", "tutor"], "codename": "change_tutor"}}, {"model": "auth.permission", "fields": {"name": "Can delete Tutor", "content_type": ["roles", "tutor"], "codename": "delete_tutor"}}, {"model": "auth.permission", "fields": {"name": "Can view Tutor", "content_type": ["roles", "tutor"], "codename": "view_tutor"}}, {"model": "auth.permission", "fields": {"name": "Can add usuario rol", "content_type": ["roles", "usuariorol"], "codename": "add_usuariorol"}}, {"model": "auth.permission", "fields": {"name": "Can change usuario rol", "content_type": ["roles", "usuariorol"], "codename": "change_usuariorol"}}, {"model": "auth.permission", "fields": {"name": "Can delete usuario rol", "content_type": ["roles", "usuariorol"], "codename": "delete_usuariorol"}}, {"model": "auth.permission", "fields": {"name": "Can view usuario rol", "content_type": ["roles", "usuariorol"], "codename": "view_usuariorol"}}, {"model": "auth.permission", "fields": {"name": "Can add Relación Tutor-Estudiante", "content_type": ["roles", "tutorestudiante"], "codename": "add_tutorestudiante"}}, {"model": "auth.permission", "fields": {"name": "Can change Relación Tutor-Estudiante", "content_type": ["roles", "tutorestudiante"], "codename": "change_tutorestudiante"}}, {"model": "auth.permission", "fields": {"name": "Can delete Relación Tutor-Estudiante", "content_type": ["roles", "tutorestudiante"], "codename": "delete_tutorestudiante"}}, {"model": "auth.permission", "fields": {"name": "Can view Relación Tutor-Estudiante", "content_type": ["roles", "tutorestudiante"], "codename": "view_tutorestudiante"}}, {"model": "auth.permission", "fields": {"name": "Can add Inscripción", "content_type": ["inscripciones", "inscripcion"], "codename": "add_inscripcion"}}, {"model": "auth.permission", "fields": {"name": "Can change Inscripción", "content_type": ["inscripciones", "inscripcion"], "codename": "change_inscripcion"}}, {"model": "auth.permission", "fields": {"name": "Can delete Inscripción", "content_type": ["inscripciones", "inscripcion"], "codename": "delete_inscripcion"}}, {"model": "auth.permission", "fields": {"name": "Can view Inscripción", "content_type": ["inscripciones", "inscripcion"], "codename": "view_inscripcion"}}, {"model": "auth.permission", "fields": {"name": "Can add comision", "content_type": ["cursos", "comision"], "codename": "add_comision"}}, {"model": "auth.permission", "fields": {"name": "Can change comision", "content_type": ["cursos", "comision"], "codename": "change_comision"}}, {"model": "auth.permission", "fields": {"name": "Can delete comision", "content_type": ["cursos", "comision"], "codename": "delete_comision"}}, {"model": "auth.permission", "fields": {"name": "Can view comision", "content_type": ["cursos", "comision"], "codename": "view_comision"}}, {"model": "auth.permission", "fields": {"name": "Can add curso", "content_type": ["cursos", "curso"], "codename": "add_curso"}}, {"model": "auth.permission", "fields": {"name": "Can change curso", "content_type": ["cursos", "curso"], "codename": "change_curso"}}, {"model": "auth.permission", "fields": {"name": "Can delete curso", "content_type": ["cursos", "curso"], "codename": "delete_curso"}}, {"model": "auth.permission", "fields": {"name": "Can view curso", "content_type": ["cursos", "curso"], "codename": "view_curso"}}, {"model": "auth.permission", "fields": {"name": "Can add Polo Creativo", "content_type": ["cursos", "polocreativo"], "codename": "add_polocreativo"}}, {"model": "auth.permission", "fields": {"name": "Can change Polo Creativo", "content_type": ["cursos", "polocreativo"], "codename": "change_polocreativo"}}, {"model": "auth.permission", "fields": {"name": "Can delete Polo Creativo", "content_type": ["cursos", "polocreativo"], "codename": "delete_polocreativo"}}, {"model": "auth.permission", "fields": {"name": "Can view Polo Creativo", "content_type": ["cursos", "polocreativo"], "codename": "view_polocreativo"}}, {"model": "auth.permission", "fields": {"name": "Can add comision docente", "content_type": ["cursos", "comisiondocente"], "codename": "add_comisiondocente"}}, {"model": "auth.permission", "fields": {"name": "Can change comision docente", "content_type": ["cursos", "comisiondocente"], "codename": "change_comisiondocente"}}, {"model": "auth.permission", "fields": {"name": "Can delete comision docente", "content_type": ["cursos", "comisiondocente"], "codename": "delete_comisiondocente"}}, {"model": "auth.permission", "fields": {"name": "Can view comision docente", "content_type": ["cursos", "comisiondocente"], "codename": "view_comisiondocente"}}, {"model": "auth.permission", "fields": {"name": "Can add material", "content_type": ["cursos", "material"], "codename": "add_material"}}, {"model": "auth.permission", "fields": {"name": "Can change material", "content_type": ["cursos", "material"], "codename": "change_material"}}, {"model": "auth.permission", "fields": {"name": "Can delete material", "content_type": ["cursos", "material"], "codename": "delete_material"}}, {"model": "auth.permission", "fields": {"name": "Can view material", "content_type": ["cursos", "material"], "codename": "view_material"}}, {"model": "auth.permission", "fields": {"name": "Can add docente", "content_type": ["docentes", "docente"], "codename": "add_docente"}}, {"model": "auth.permission", "fields": {"name": "Can change docente", "content_type": ["docentes", "docente"], "codename": "change_docente"}}, {"model": "auth.permission", "fields": {"name": "Can delete docente", "content_type": ["docentes", "docente"], "codename": "delete_docente"}}, {"model": "auth.permission", "fields": {"name": "Can view docente", "content_type": ["docentes", "docente"], "codename": "view_docente"}}, {"model": "auth.permission", "fields": {"name": "Can add Registro de Asistencia", "content_type": ["asistencia", "registroasistencia"], "codename": "add_registroasistencia"}}, {"model": "auth.permission", "fields": {"name": "Can change Registro de Asistencia", "content_type": ["asistencia", "registroasistencia"], "codename": "change_registroasistencia"}}, {"model": "auth.permission", "fields": {"name": "Can delete Registro de Asistencia", "content_type": ["asistencia", "registroasistencia"], "codename": "delete_registroasistencia"}}, {"model": "auth.permission", "fields": {"name": "Can view Registro de Asistencia", "content_type": ["asistencia", "registroasistencia"], "codename": "view_registroasistencia"}}, {"model": "auth.permission", "fields": {"name": "Can add Asistencia", "content_type": ["asistencia", "asistencia"], "codename": "add_asistencia"}}, {"model": "auth.permission", "fields": {"name": "Can change Asistencia", "content_type": ["asistencia", "asistencia"], "codename": "change_asistencia"}}, {"model": "auth.permission", "fields": {"name": "Can delete Asistencia", "content_type": ["asistencia", "asistencia"], "codename": "delete_asistencia"}}, {"model": "auth.permission", "fields": {"name": "Can view Asistencia", "content_type": ["asistencia", "asistencia"], "codename": "view_asistencia"}}, {"model": "auth.permission", "fields": {"name": "Can add evaluacion", "content_type": ["seguimiento", "evaluacion"], "codename": "add_evaluacion"}}, {"model": "auth.permission", "fields": {"name": "Can change evaluacion", "content_type": ["seguimiento", "evaluacion"], "codename": "change_evaluacion"}}, {"model": "auth.permission", "fields": {"name": "Can delete evaluacion", "content_type": ["seguimiento", "evaluacion"], "codename": "delete_evaluacion"}}, {"model": "auth.permission", "fields": {"name": "Can view evaluacion", "content_type": ["seguimiento", "evaluacion"], "codename": "view_evaluacion"}}, {"model": "auth.permission", "fields": {"name": "Can add progreso academico", "content_type": ["seguimiento", "progresoacademico"], "codename": "add_progresoacademico"}}, {"model": "auth.permission", "fields": {"name": "Can change progreso academico", "content_type": ["seguimiento", "progresoacademico"], "codename": "change_progresoacademico"}}, {"model": "auth.permission", "fields": {"name": "Can delete progreso academico", "content_type": ["seguimiento", "progresoacademico"], "codename": "delete_progresoacademico"}}, {"model": "auth.permission", "fields": {"name": "Can view progreso academico", "content_type": ["seguimiento", "progresoacademico"], "codename": "view_progresoacademico"}}, {"model": "auth.permission", "fields": {"name": "Can add Nota", "content_type": ["seguimiento", "nota"], "codename": "add_nota"}}, {"model": "auth.permission", "fields": {"name": "Can change Nota", "content_type": ["seguimiento", "nota"], "codename": "change_nota"}}, {"model": "auth.permission", "fields": {"name": "Can delete Nota", "content_type": ["seguimiento", "nota"], "codename": "delete_nota"}}, {"model": "auth.permission", "fields": {"name": "Can view Nota", "content_type": ["seguimiento", "nota"], "codename": "view_nota"}}, {"model": "auth.group", "fields": {"name": "Administrador", "permissions": []}}, {"model": "auth.group", "fields": {"name": "Coordinador", "permissions": []}}, {"model": "auth.group", "fields": {"name": "MesaEntrada", "permissions": []}}, {"model": "auth.group", "fields": {"name": "Docente", "permissions": []}}, {"model": "auth.group", "fields": {"name": "Estudiante", "permissions": []}}, {"model": "auth.group", "fields": {"name": "PuntoMedio", "permissions": []}}, {"model": "auth.user", "fields": {"password": "pbkdf2_sha256$1000000$fgfKezjuhdApRKuutUo8dF$QgFw8+VHIXJk/JiNwOzCSQl461kFrw1g/qrhIcLBfec=", "last_login": "2025-12-17T01:17:00.646Z", "is_superuser": true, "username": "admin", "first_name": "", "last_name": "", "email": "admin@test.com", "is_staff": true, "is_active": true, "date_joined": "2025-12-08T00:15:17.513Z", "groups": [], "user_permissions": []}}, {"model": "admin.logentry", "pk": 1, "fields": {"action_time": "2025-12-13T16:49:19.054Z", "user": ["admin"], "content_type": ["cursos", "comision"], "object_id": "12", "object_repr": "inteligencia artificial - (Comisión N°: 12)", "action_flag": 3, "change_message": ""}}, {"model": "admin.logentry", "pk": 2, "fields": {"action_time": "2025-12-13T16:49:19.055Z", "user": ["admin"], "content_type": ["cursos", "comision"], "object_id": "11", "object_repr": "inteligencia artificial - (Comisión N°: 11)", "action_flag": 3, "change_message": ""}}, {"model": "admin.logentry", "pk": 3, "fields": {"action_time": "2025-12-13T16:50:18.459Z", "user": ["admin"], "content_type": ["cursos", "comision"], "object_id": "12", "object_repr": "inteligencia artificial - (Comisión N°: 12)", "action_flag": 3, "change_message": ""}}, {"model": "admin.logentry", "pk": 4, "fields": {"action_time": "2025-12-13T16:50:18.459Z", "user": ["admin"], "content_type": ["cursos", "comision"], "object_id": "11", "object_repr": "inteligencia artificial - (Comisión N°: 11)", "action_flag": 3, "change_message": ""}}]